acc,auc,duration,fold,framework,id,info,logloss,mode,models,params,result,seed,tag,task,utc,version
0.8773799999999999,0.9318879999999999,3349.5,0,autogluon,openml.org/t/7592,,,local,22.0,,0.9318879999999999,2215847389,stable,adult,2019-12-12T06:11:44,0
0.877175,0.92876,3369.6,1,autogluon,openml.org/t/7592,,,local,22.0,,0.92876,2215847390,stable,adult,2019-12-12T07:11:54,0
0.871417,0.932075,3353.1,2,autogluon,openml.org/t/7592,,,local,22.0,,0.932075,2215847391,stable,adult,2019-12-12T08:11:22,0
0.869574,0.9284610000000001,3389.6,3,autogluon,openml.org/t/7592,,,local,22.0,,0.9284610000000001,2215847392,stable,adult,2019-12-12T09:13:44,0
0.8744879999999999,0.928481,3377.8,4,autogluon,openml.org/t/7592,,,local,22.0,,0.928481,2215847393,stable,adult,2019-12-12T10:13:25,0
0.870188,0.925889,3397.9,5,autogluon,openml.org/t/7592,,,local,22.0,,0.925889,2215847394,stable,adult,2019-12-12T11:12:49,0
0.872236,0.931948,3320.4,6,autogluon,openml.org/t/7592,,,local,22.0,,0.931948,2215847395,stable,adult,2019-12-12T12:11:08,0
0.874693,0.933312,3347.5,7,autogluon,openml.org/t/7592,,,local,22.0,,0.933312,2215847396,stable,adult,2019-12-12T13:09:41,0
0.882473,0.938967,3361.0,8,autogluon,openml.org/t/7592,,,local,22.0,,0.938967,2215847397,stable,adult,2019-12-12T14:09:43,0
0.8783780000000001,0.93504,3316.6,9,autogluon,openml.org/t/7592,,,local,22.0,,0.93504,2215847398,stable,adult,2019-12-12T15:07:34,0
0.655203,0.707256,3691.4,0,autogluon,openml.org/t/189354,,,local,11.0,,0.707256,820313819,stable,Airlines,2019-12-12T07:03:09,0
0.659578,0.711313,3686.9,1,autogluon,openml.org/t/189354,,,local,11.0,,0.711313,820313820,stable,Airlines,2019-12-12T08:53:56,0
0.659319,0.7098770000000001,3694.3,2,autogluon,openml.org/t/189354,,,local,11.0,,0.7098770000000001,820313821,stable,Airlines,2019-12-12T10:42:50,0
0.658423,0.710391,3693.9,3,autogluon,openml.org/t/189354,,,local,11.0,,0.710391,820313822,stable,Airlines,2019-12-12T12:32:30,0
0.6544369999999999,0.706414,3695.6,4,autogluon,openml.org/t/189354,,,local,11.0,,0.706414,820313823,stable,Airlines,2019-12-12T14:20:52,0
0.655771,0.7064590000000001,3694.1,5,autogluon,openml.org/t/189354,,,local,11.0,,0.7064590000000001,820313824,stable,Airlines,2019-12-12T16:16:27,0
0.658107,0.709569,3694.9,6,autogluon,openml.org/t/189354,,,local,11.0,,0.709569,820313825,stable,Airlines,2019-12-12T18:07:34,0
0.656921,0.707123,3691.3,7,autogluon,openml.org/t/189354,,,local,11.0,,0.707123,820313826,stable,Airlines,2019-12-12T19:57:03,0
0.656698,0.707878,3691.6,8,autogluon,openml.org/t/189354,,,local,11.0,,0.707878,820313827,stable,Airlines,2019-12-12T21:49:02,0
0.66189,0.713104,3690.3,9,autogluon,openml.org/t/189354,,,local,11.0,,0.713104,820313828,stable,Airlines,2019-12-12T23:39:52,0
0.677218,0.74088,3661.5,0,autogluon,openml.org/t/189356,,,local,5.0,,0.74088,1069812427,stable,Albert,2019-12-12T06:39:48,0
0.678393,0.742872,3600.8,1,autogluon,openml.org/t/189356,,,local,5.0,,0.742872,1069812428,stable,Albert,2019-12-12T07:59:40,0
0.684696,0.75155,3609.6,2,autogluon,openml.org/t/189356,,,local,5.0,,0.75155,1069812429,stable,Albert,2019-12-12T09:19:19,0
0.6842020000000001,0.752174,3656.8,3,autogluon,openml.org/t/189356,,,local,6.0,,0.752174,1069812430,stable,Albert,2019-12-12T10:39:29,0
0.68138,0.748893,3619.8,4,autogluon,openml.org/t/189356,,,local,5.0,,0.748893,1069812431,stable,Albert,2019-12-12T12:00:14,0
0.682368,0.7469140000000001,3600.4,5,autogluon,openml.org/t/189356,,,local,5.0,,0.7469140000000001,1069812432,stable,Albert,2019-12-12T13:20:12,0
0.68272,0.748236,3618.7,6,autogluon,openml.org/t/189356,,,local,5.0,,0.748236,1069812433,stable,Albert,2019-12-12T14:41:26,0
0.68907,0.754667,3600.6,7,autogluon,openml.org/t/189356,,,local,5.0,,0.754667,1069812434,stable,Albert,2019-12-12T16:01:39,0
0.68272,0.748691,3656.0,8,autogluon,openml.org/t/189356,,,local,6.0,,0.748691,1069812435,stable,Albert,2019-12-12T17:26:04,0
0.681333,0.747224,3625.6,9,autogluon,openml.org/t/189356,,,local,5.0,,0.747224,1069812436,stable,Albert,2019-12-12T18:46:51,0
0.9493440000000001,0.882592,2180.2,0,autogluon,openml.org/t/34539,,,local,22.0,,0.882592,157042802,stable,Amazon_employee_access,2019-12-12T05:51:49,0
0.952701,0.8517520000000001,2430.7,1,autogluon,openml.org/t/34539,,,local,22.0,,0.8517520000000001,157042803,stable,Amazon_employee_access,2019-12-12T06:33:40,0
0.951785,0.869613,2126.3,2,autogluon,openml.org/t/34539,,,local,22.0,,0.869613,157042804,stable,Amazon_employee_access,2019-12-12T07:10:23,0
0.953311,0.867763,2234.9,3,autogluon,openml.org/t/34539,,,local,22.0,,0.867763,157042805,stable,Amazon_employee_access,2019-12-12T07:48:49,0
0.953616,0.870719,2302.1,4,autogluon,openml.org/t/34539,,,local,22.0,,0.870719,157042806,stable,Amazon_employee_access,2019-12-12T08:28:29,0
0.947818,0.865707,2304.6,5,autogluon,openml.org/t/34539,,,local,22.0,,0.865707,157042807,stable,Amazon_employee_access,2019-12-12T09:08:13,0
0.952701,0.8729319999999999,2296.3,6,autogluon,openml.org/t/34539,,,local,22.0,,0.8729319999999999,157042808,stable,Amazon_employee_access,2019-12-12T09:47:44,0
0.9493440000000001,0.8453799999999999,2298.4,7,autogluon,openml.org/t/34539,,,local,22.0,,0.8453799999999999,157042809,stable,Amazon_employee_access,2019-12-12T10:26:48,0
0.9508700000000001,0.8870879999999999,2216.6,8,autogluon,openml.org/t/34539,,,local,22.0,,0.8870879999999999,157042810,stable,Amazon_employee_access,2019-12-12T11:04:27,0
0.954518,0.8784649999999999,2328.8,9,autogluon,openml.org/t/34539,,,local,22.0,,0.8784649999999999,157042811,stable,Amazon_employee_access,2019-12-12T11:44:36,0
0.995526,0.99295,3618.5,0,autogluon,openml.org/t/168868,,,local,21.0,,0.99295,671217992,stable,APSFailure,2019-12-12T06:22:01,0
0.9930260000000001,0.991074,3616.4,1,autogluon,openml.org/t/168868,,,local,21.0,,0.991074,671217993,stable,APSFailure,2019-12-12T07:27:22,0
0.994474,0.9950969999999999,3616.6,2,autogluon,openml.org/t/168868,,,local,21.0,,0.9950969999999999,671217994,stable,APSFailure,2019-12-12T08:36:40,0
0.9960530000000001,0.991516,3616.5,3,autogluon,openml.org/t/168868,,,local,21.0,,0.991516,671217995,stable,APSFailure,2019-12-12T09:46:10,0
0.995658,0.9923200000000001,3616.5,4,autogluon,openml.org/t/168868,,,local,21.0,,0.9923200000000001,671217996,stable,APSFailure,2019-12-12T10:52:05,0
0.9939469999999999,0.994202,3616.5,5,autogluon,openml.org/t/168868,,,local,21.0,,0.994202,671217997,stable,APSFailure,2019-12-12T11:57:32,0
0.995395,0.993901,3616.3,6,autogluon,openml.org/t/168868,,,local,21.0,,0.993901,671217998,stable,APSFailure,2019-12-12T13:02:50,0
0.995,0.997316,3616.5,7,autogluon,openml.org/t/168868,,,local,21.0,,0.997316,671217999,stable,APSFailure,2019-12-12T14:08:11,0
0.9943420000000001,0.988604,3616.7,8,autogluon,openml.org/t/168868,,,local,21.0,,0.988604,671218000,stable,APSFailure,2019-12-12T15:17:44,0
0.995921,0.991525,3617.0,9,autogluon,openml.org/t/168868,,,local,21.0,,0.991525,671218001,stable,APSFailure,2019-12-12T16:27:25,0
0.8695649999999999,0.949066,171.0,0,autogluon,openml.org/t/146818,,,local,22.0,,0.949066,2948660745,stable,Australian,2019-12-12T05:18:23,0
0.8550719999999999,0.9252969999999999,160.4,1,autogluon,openml.org/t/146818,,,local,22.0,,0.9252969999999999,2948660746,stable,Australian,2019-12-12T05:21:27,0
0.8550719999999999,0.9244479999999999,148.8,2,autogluon,openml.org/t/146818,,,local,22.0,,0.9244479999999999,2948660747,stable,Australian,2019-12-12T05:24:44,0
0.8695649999999999,0.933786,151.3,3,autogluon,openml.org/t/146818,,,local,22.0,,0.933786,2948660748,stable,Australian,2019-12-12T05:28:05,0
0.8695649999999999,0.9448219999999999,154.6,4,autogluon,openml.org/t/146818,,,local,22.0,,0.9448219999999999,2948660749,stable,Australian,2019-12-12T05:31:32,0
0.913043,0.97708,156.3,5,autogluon,openml.org/t/146818,,,local,22.0,,0.97708,2948660750,stable,Australian,2019-12-12T05:34:40,0
0.8695649999999999,0.9202040000000001,160.0,6,autogluon,openml.org/t/146818,,,local,22.0,,0.9202040000000001,2948660751,stable,Australian,2019-12-12T05:37:49,0
0.898551,0.937607,156.7,7,autogluon,openml.org/t/146818,,,local,22.0,,0.937607,2948660752,stable,Australian,2019-12-12T05:40:55,0
0.8695649999999999,0.9717950000000001,162.9,8,autogluon,openml.org/t/146818,,,local,22.0,,0.9717950000000001,2948660753,stable,Australian,2019-12-12T05:44:05,0
0.8405799999999999,0.950427,162.3,9,autogluon,openml.org/t/146818,,,local,22.0,,0.950427,2948660754,stable,Australian,2019-12-12T05:47:33,0
0.911544,0.9403889999999999,2904.9,0,autogluon,openml.org/t/14965,,,local,22.0,,0.9403889999999999,3567242952,stable,bank-marketing,2019-12-12T06:04:27,0
0.9059940000000001,0.9379290000000001,2909.4,1,autogluon,openml.org/t/14965,,,local,22.0,,0.9379290000000001,3567242953,stable,bank-marketing,2019-12-12T06:54:43,0
0.9174959999999999,0.9460700000000001,2934.8,2,autogluon,openml.org/t/14965,,,local,22.0,,0.9460700000000001,3567242954,stable,bank-marketing,2019-12-12T07:45:28,0
0.9126299999999999,0.939321,2900.4,3,autogluon,openml.org/t/14965,,,local,22.0,,0.939321,3567242955,stable,bank-marketing,2019-12-12T08:35:32,0
0.9119659999999999,0.942099,2875.7,4,autogluon,openml.org/t/14965,,,local,22.0,,0.942099,3567242956,stable,bank-marketing,2019-12-12T09:24:35,0
0.905109,0.933609,2886.5,5,autogluon,openml.org/t/14965,,,local,22.0,,0.933609,3567242957,stable,bank-marketing,2019-12-12T10:14:26,0
0.904667,0.928675,2853.4,6,autogluon,openml.org/t/14965,,,local,22.0,,0.928675,3567242958,stable,bank-marketing,2019-12-12T11:03:44,0
0.911524,0.947139,2765.3,7,autogluon,openml.org/t/14965,,,local,22.0,,0.947139,3567242959,stable,bank-marketing,2019-12-12T11:51:29,0
0.917054,0.94334,2783.4,8,autogluon,openml.org/t/14965,,,local,22.0,,0.94334,3567242960,stable,bank-marketing,2019-12-12T12:39:34,0
0.9146209999999999,0.9465100000000001,2926.3,9,autogluon,openml.org/t/14965,,,local,22.0,,0.9465100000000001,3567242961,stable,bank-marketing,2019-12-12T13:30:08,0
0.786667,0.262671,164.8,0,autogluon,openml.org/t/10101,,,local,22.0,,0.262671,2567805975,stable,blood-transfusion,2019-12-12T05:17:49,0
0.786667,0.185673,160.6,1,autogluon,openml.org/t/10101,,,local,22.0,,0.185673,2567805976,stable,blood-transfusion,2019-12-12T05:21:14,0
0.746667,0.346979,147.3,2,autogluon,openml.org/t/10101,,,local,22.0,,0.346979,2567805977,stable,blood-transfusion,2019-12-12T05:24:21,0
0.8,0.272417,160.6,3,autogluon,openml.org/t/10101,,,local,22.0,,0.272417,2567805978,stable,blood-transfusion,2019-12-12T05:27:44,0
0.813333,0.17836300000000002,157.0,4,autogluon,openml.org/t/10101,,,local,22.0,,0.17836300000000002,2567805979,stable,blood-transfusion,2019-12-12T05:31:02,0
0.746667,0.33674499999999996,150.0,5,autogluon,openml.org/t/10101,,,local,22.0,,0.33674499999999996,2567805980,stable,blood-transfusion,2019-12-12T05:34:14,0
0.8,0.28216399999999997,158.9,6,autogluon,openml.org/t/10101,,,local,22.0,,0.28216399999999997,2567805981,stable,blood-transfusion,2019-12-12T05:37:40,0
0.8,0.339669,153.2,7,autogluon,openml.org/t/10101,,,local,22.0,,0.339669,2567805982,stable,blood-transfusion,2019-12-12T05:40:58,0
0.783784,0.323529,153.3,8,autogluon,openml.org/t/10101,,,local,22.0,,0.323529,2567805983,stable,blood-transfusion,2019-12-12T05:44:15,0
0.72973,0.366873,168.4,9,autogluon,openml.org/t/10101,,,local,22.0,,0.366873,2567805984,stable,blood-transfusion,2019-12-12T05:47:46,0
1.0,,1820.8,0,autogluon,openml.org/t/146821,,0.00029298599999999996,local,20.0,,0.00029298599999999996,2853720516,stable,car,2019-12-12T05:46:52,0
1.0,,1753.1,1,autogluon,openml.org/t/146821,,0.000600874,local,20.0,,0.000600874,2853720517,stable,car,2019-12-12T06:16:49,0
1.0,,1667.4,2,autogluon,openml.org/t/146821,,0.000833002,local,20.0,,0.000833002,2853720518,stable,car,2019-12-12T06:45:26,0
1.0,,1643.2,3,autogluon,openml.org/t/146821,,0.00153452,local,20.0,,0.00153452,2853720519,stable,car,2019-12-12T07:13:13,0
1.0,,1633.5,4,autogluon,openml.org/t/146821,,0.000231533,local,20.0,,0.000231533,2853720520,stable,car,2019-12-12T07:41:14,0
1.0,,1422.5,5,autogluon,openml.org/t/146821,,0.00151883,local,20.0,,0.00151883,2853720521,stable,car,2019-12-12T08:05:39,0
0.9942200000000001,,1708.0,6,autogluon,openml.org/t/146821,,0.015345099999999999,local,20.0,,0.015345099999999999,2853720522,stable,car,2019-12-12T08:34:51,0
0.9942200000000001,,1601.0,7,autogluon,openml.org/t/146821,,0.00749326,local,20.0,,0.00749326,2853720523,stable,car,2019-12-12T09:02:26,0
0.994186,,1882.4,8,autogluon,openml.org/t/146821,,0.00681395,local,20.0,,0.00681395,2853720524,stable,car,2019-12-12T09:34:36,0
1.0,,1791.7,9,autogluon,openml.org/t/146821,,0.00330892,local,20.0,,0.00330892,2853720525,stable,car,2019-12-12T10:05:23,0
0.745387,0.8461489999999999,3571.4,0,autogluon,openml.org/t/168908,,,local,22.0,,0.8461489999999999,2177181629,stable,christine,2019-12-12T06:21:12,0
0.756458,0.832491,3575.5,1,autogluon,openml.org/t/168908,,,local,22.0,,0.832491,2177181630,stable,christine,2019-12-12T07:24:21,0
0.741697,0.824785,3554.6,2,autogluon,openml.org/t/168908,,,local,22.0,,0.824785,2177181631,stable,christine,2019-12-12T08:27:11,0
0.750923,0.8221430000000001,3522.7,3,autogluon,openml.org/t/168908,,,local,22.0,,0.8221430000000001,2177181632,stable,christine,2019-12-12T09:30:37,0
0.719557,0.81223,3574.5,4,autogluon,openml.org/t/168908,,,local,22.0,,0.81223,2177181633,stable,christine,2019-12-12T10:35:28,0
0.7601479999999999,0.831048,3535.0,5,autogluon,openml.org/t/168908,,,local,22.0,,0.831048,2177181634,stable,christine,2019-12-12T11:37:58,0
0.774908,0.838374,3572.0,6,autogluon,openml.org/t/168908,,,local,22.0,,0.838374,2177181635,stable,christine,2019-12-12T12:42:50,0
0.745387,0.825792,3524.0,7,autogluon,openml.org/t/168908,,,local,22.0,,0.825792,2177181636,stable,christine,2019-12-12T13:47:04,0
0.746765,0.8245459999999999,3531.9,8,autogluon,openml.org/t/168908,,,local,22.0,,0.8245459999999999,2177181637,stable,christine,2019-12-12T14:51:16,0
0.720887,0.792101,3563.2,9,autogluon,openml.org/t/168908,,,local,22.0,,0.792101,2177181638,stable,christine,2019-12-12T15:56:04,0
0.9722219999999999,,1291.1,0,autogluon,openml.org/t/9981,,0.140574,local,22.0,,0.140574,2047678044,stable,cnae-9,2019-12-12T05:37:35,0
0.907407,,1357.5,1,autogluon,openml.org/t/9981,,0.33047600000000005,local,22.0,,0.33047600000000005,2047678045,stable,cnae-9,2019-12-12T06:02:35,0
0.9629629999999999,,1287.5,2,autogluon,openml.org/t/9981,,0.110402,local,22.0,,0.110402,2047678046,stable,cnae-9,2019-12-12T06:26:04,0
0.935185,,1383.6,3,autogluon,openml.org/t/9981,,0.20719200000000002,local,22.0,,0.20719200000000002,2047678047,stable,cnae-9,2019-12-12T06:51:32,0
0.9722219999999999,,1336.2,4,autogluon,openml.org/t/9981,,0.143955,local,22.0,,0.143955,2047678048,stable,cnae-9,2019-12-12T07:15:45,0
0.9629629999999999,,1321.2,5,autogluon,openml.org/t/9981,,0.110276,local,22.0,,0.110276,2047678049,stable,cnae-9,2019-12-12T07:39:43,0
0.9444440000000001,,1326.8,6,autogluon,openml.org/t/9981,,0.177564,local,22.0,,0.177564,2047678050,stable,cnae-9,2019-12-12T08:04:15,0
0.925926,,1323.1,7,autogluon,openml.org/t/9981,,0.14799400000000001,local,22.0,,0.14799400000000001,2047678051,stable,cnae-9,2019-12-12T08:28:19,0
0.9537040000000001,,1316.8,8,autogluon,openml.org/t/9981,,0.141479,local,22.0,,0.141479,2047678052,stable,cnae-9,2019-12-12T08:52:48,0
0.9629629999999999,,1369.5,9,autogluon,openml.org/t/9981,,0.128735,local,22.0,,0.128735,2047678053,stable,cnae-9,2019-12-12T09:17:40,0
0.871966,,3439.6,0,autogluon,openml.org/t/146195,,0.326902,local,21.0,,0.326902,3060934615,stable,connect-4,2019-12-12T06:29:24,0
0.871078,,3430.4,1,autogluon,openml.org/t/146195,,0.32219000000000003,local,21.0,,0.32219000000000003,3060934616,stable,connect-4,2019-12-12T07:44:44,0
0.878034,,3408.1,2,autogluon,openml.org/t/146195,,0.31008800000000003,local,21.0,,0.31008800000000003,3060934617,stable,connect-4,2019-12-12T08:58:05,0
0.869449,,3391.3,3,autogluon,openml.org/t/146195,,0.328876,local,21.0,,0.328876,3060934618,stable,connect-4,2019-12-12T10:11:19,0
0.871374,,3383.5,4,autogluon,openml.org/t/146195,,0.319966,local,21.0,,0.319966,3060934619,stable,connect-4,2019-12-12T11:25:28,0
0.8653049999999999,,3422.6,5,autogluon,openml.org/t/146195,,0.33210500000000004,local,21.0,,0.33210500000000004,3060934620,stable,connect-4,2019-12-12T12:40:29,0
0.8645649999999999,,3391.8,6,autogluon,openml.org/t/146195,,0.324548,local,21.0,,0.324548,3060934621,stable,connect-4,2019-12-12T13:54:16,0
0.870762,,3372.0,7,autogluon,openml.org/t/146195,,0.320071,local,21.0,,0.320071,3060934622,stable,connect-4,2019-12-12T15:07:44,0
0.873575,,3450.6,8,autogluon,openml.org/t/146195,,0.327178,local,21.0,,0.327178,3060934623,stable,connect-4,2019-12-12T16:22:45,0
0.867506,,3361.7,9,autogluon,openml.org/t/146195,,0.32750799999999997,local,21.0,,0.32750799999999997,3060934624,stable,connect-4,2019-12-12T17:35:52,0
0.976799,,3720.4,0,autogluon,openml.org/t/7593,,0.0577389,local,10.0,,0.0577389,4029112446,stable,Covertype,2019-12-12T06:36:19,0
0.97575,,3738.8,1,autogluon,openml.org/t/7593,,0.06775260000000001,local,9.0,,0.06775260000000001,4029112447,stable,Covertype,2019-12-12T07:59:56,0
0.975267,,3739.8,2,autogluon,openml.org/t/7593,,0.0684781,local,9.0,,0.0684781,4029112448,stable,Covertype,2019-12-12T09:23:39,0
0.976592,,3741.2,3,autogluon,openml.org/t/7593,,0.06613089999999999,local,9.0,,0.06613089999999999,4029112449,stable,Covertype,2019-12-12T10:47:06,0
0.975233,,3713.6,4,autogluon,openml.org/t/7593,,0.0672977,local,8.0,,0.0672977,4029112450,stable,Covertype,2019-12-12T12:10:14,0
0.9759209999999999,,3725.1,5,autogluon,openml.org/t/7593,,0.0668227,local,8.0,,0.0668227,4029112451,stable,Covertype,2019-12-12T13:33:49,0
0.9761790000000001,,3717.9,6,autogluon,openml.org/t/7593,,0.0675219,local,8.0,,0.0675219,4029112452,stable,Covertype,2019-12-12T14:57:19,0
0.975233,,3725.6,7,autogluon,openml.org/t/7593,,0.0698618,local,8.0,,0.0698618,4029112453,stable,Covertype,2019-12-12T16:20:16,0
0.9766959999999999,,3719.5,8,autogluon,openml.org/t/7593,,0.0673533,local,8.0,,0.0673533,4029112454,stable,Covertype,2019-12-12T17:43:56,0
0.9758870000000001,,3722.5,9,autogluon,openml.org/t/7593,,0.0665022,local,8.0,,0.0665022,4029112455,stable,Covertype,2019-12-12T19:07:22,0
0.8,0.139048,285.1,0,autogluon,openml.org/t/31,,,local,22.0,,0.139048,970077253,stable,credit-g,2019-12-12T05:19:52,0
0.75,0.239048,274.6,1,autogluon,openml.org/t/31,,,local,22.0,,0.239048,970077254,stable,credit-g,2019-12-12T05:24:57,0
0.73,0.28381,292.7,2,autogluon,openml.org/t/31,,,local,22.0,,0.28381,970077255,stable,credit-g,2019-12-12T05:30:39,0
0.81,0.217619,279.5,3,autogluon,openml.org/t/31,,,local,22.0,,0.217619,970077256,stable,credit-g,2019-12-12T05:35:54,0
0.71,0.198095,280.1,4,autogluon,openml.org/t/31,,,local,22.0,,0.198095,970077257,stable,credit-g,2019-12-12T05:41:07,0
0.77,0.16619,283.7,5,autogluon,openml.org/t/31,,,local,22.0,,0.16619,970077258,stable,credit-g,2019-12-12T05:46:22,0
0.75,0.198571,295.6,6,autogluon,openml.org/t/31,,,local,22.0,,0.198571,970077259,stable,credit-g,2019-12-12T05:51:49,0
0.81,0.164762,295.5,7,autogluon,openml.org/t/31,,,local,22.0,,0.164762,970077260,stable,credit-g,2019-12-12T05:57:11,0
0.77,0.228571,298.0,8,autogluon,openml.org/t/31,,,local,22.0,,0.228571,970077261,stable,credit-g,2019-12-12T06:02:41,0
0.74,0.23619,294.5,9,autogluon,openml.org/t/31,,,local,22.0,,0.23619,970077262,stable,credit-g,2019-12-12T06:08:03,0
0.992,,3605.0,0,autogluon,openml.org/t/168909,,0.0265781,local,17.0,,0.0265781,510261501,stable,dilbert,2019-12-12T06:26:35,0
0.9940000000000001,,3600.0,1,autogluon,openml.org/t/168909,,0.0206938,local,17.0,,0.0206938,510261502,stable,dilbert,2019-12-12T07:38:25,0
0.99,,3599.6,2,autogluon,openml.org/t/168909,,0.0280628,local,17.0,,0.0280628,510261503,stable,dilbert,2019-12-12T08:50:30,0
0.9940000000000001,,3600.1,3,autogluon,openml.org/t/168909,,0.0182919,local,17.0,,0.0182919,510261504,stable,dilbert,2019-12-12T10:02:34,0
0.993,,3601.5,4,autogluon,openml.org/t/168909,,0.0203366,local,17.0,,0.0203366,510261505,stable,dilbert,2019-12-12T11:17:01,0
0.995,,3602.2,5,autogluon,openml.org/t/168909,,0.014859,local,17.0,,0.014859,510261506,stable,dilbert,2019-12-12T12:29:14,0
0.995,,3602.7,6,autogluon,openml.org/t/168909,,0.015641899999999997,local,17.0,,0.015641899999999997,510261507,stable,dilbert,2019-12-12T13:41:38,0
0.9890000000000001,,3601.5,7,autogluon,openml.org/t/168909,,0.026317,local,17.0,,0.026317,510261508,stable,dilbert,2019-12-12T14:53:52,0
0.993,,3601.5,8,autogluon,openml.org/t/168909,,0.017509900000000002,local,17.0,,0.017509900000000002,510261509,stable,dilbert,2019-12-12T16:06:15,0
0.998,,3602.1,9,autogluon,openml.org/t/168909,,0.0121976,local,17.0,,0.0121976,510261510,stable,dilbert,2019-12-12T17:18:32,0
0.735437,,3121.7,0,autogluon,openml.org/t/168910,,0.644501,local,21.0,,0.644501,3125809581,stable,fabert,2019-12-12T06:09:14,0
0.760922,,3092.2,1,autogluon,openml.org/t/168910,,0.663501,local,21.0,,0.663501,3125809582,stable,fabert,2019-12-12T07:04:33,0
0.7524270000000001,,3138.9,2,autogluon,openml.org/t/168910,,0.657177,local,21.0,,0.657177,3125809583,stable,fabert,2019-12-12T08:00:44,0
0.739078,,3148.2,3,autogluon,openml.org/t/168910,,0.678581,local,21.0,,0.678581,3125809584,stable,fabert,2019-12-12T08:57:02,0
0.746359,,3128.4,4,autogluon,openml.org/t/168910,,0.691508,local,21.0,,0.691508,3125809585,stable,fabert,2019-12-12T09:52:59,0
0.75,,3058.6,5,autogluon,openml.org/t/168910,,0.654864,local,21.0,,0.654864,3125809586,stable,fabert,2019-12-12T10:48:05,0
0.734223,,3089.3,6,autogluon,openml.org/t/168910,,0.694742,local,21.0,,0.694742,3125809587,stable,fabert,2019-12-12T11:43:37,0
0.7448359999999999,,3085.1,7,autogluon,openml.org/t/168910,,0.703019,local,21.0,,0.703019,3125809588,stable,fabert,2019-12-12T12:38:43,0
0.738761,,3073.2,8,autogluon,openml.org/t/168910,,0.726929,local,21.0,,0.726929,3125809589,stable,fabert,2019-12-12T13:33:48,0
0.72175,,3096.0,9,autogluon,openml.org/t/168910,,0.705104,local,21.0,,0.705104,3125809590,stable,fabert,2019-12-12T14:29:37,0
0.9,,3731.3,0,autogluon,openml.org/t/146825,,0.28870100000000004,local,12.0,,0.28870100000000004,1692513875,stable,Fashion-MNIST,2019-12-12T06:31:46,0
0.903143,,3730.4,1,autogluon,openml.org/t/146825,,0.279617,local,12.0,,0.279617,1692513876,stable,Fashion-MNIST,2019-12-12T07:47:00,0
0.898143,,3730.2,2,autogluon,openml.org/t/146825,,0.286147,local,12.0,,0.286147,1692513877,stable,Fashion-MNIST,2019-12-12T09:02:10,0
0.903286,,3730.0,3,autogluon,openml.org/t/146825,,0.280955,local,12.0,,0.280955,1692513878,stable,Fashion-MNIST,2019-12-12T10:17:31,0
0.8995709999999999,,3730.1,4,autogluon,openml.org/t/146825,,0.283046,local,12.0,,0.283046,1692513879,stable,Fashion-MNIST,2019-12-12T11:31:54,0
0.8947139999999999,,3731.0,5,autogluon,openml.org/t/146825,,0.28751,local,12.0,,0.28751,1692513880,stable,Fashion-MNIST,2019-12-12T12:46:01,0
0.9077139999999999,,3730.7,6,autogluon,openml.org/t/146825,,0.266111,local,12.0,,0.266111,1692513881,stable,Fashion-MNIST,2019-12-12T14:01:13,0
0.9015709999999999,,3730.2,7,autogluon,openml.org/t/146825,,0.286109,local,12.0,,0.286109,1692513882,stable,Fashion-MNIST,2019-12-12T15:16:34,0
0.901857,,3731.1,8,autogluon,openml.org/t/146825,,0.287558,local,12.0,,0.287558,1692513883,stable,Fashion-MNIST,2019-12-12T16:31:57,0
0.898143,,3733.1,9,autogluon,openml.org/t/146825,,0.2919,local,12.0,,0.2919,1692513884,stable,Fashion-MNIST,2019-12-12T17:47:26,0
0.8545,0.9259290000000001,3640.6,0,autogluon,openml.org/t/168337,,,local,16.0,,0.9259290000000001,45839490,stable,guiellermo,2019-12-12T06:57:41,0
0.83,0.912875,3638.2,1,autogluon,openml.org/t/168337,,,local,16.0,,0.912875,45839491,stable,guiellermo,2019-12-12T08:31:35,0
0.8685,0.936364,3638.5,2,autogluon,openml.org/t/168337,,,local,16.0,,0.936364,45839492,stable,guiellermo,2019-12-12T10:06:30,0
0.8565,0.9281010000000001,3638.1,3,autogluon,openml.org/t/168337,,,local,16.0,,0.9281010000000001,45839493,stable,guiellermo,2019-12-12T11:40:27,0
0.856,0.925782,3638.6,4,autogluon,openml.org/t/168337,,,local,16.0,,0.925782,45839494,stable,guiellermo,2019-12-12T13:14:00,0
0.8575,0.919003,3639.1,5,autogluon,openml.org/t/168337,,,local,16.0,,0.919003,45839495,stable,guiellermo,2019-12-12T14:47:33,0
0.8625,0.928616,3638.9,6,autogluon,openml.org/t/168337,,,local,16.0,,0.928616,45839496,stable,guiellermo,2019-12-12T16:23:57,0
0.838,0.9147360000000001,3638.8,7,autogluon,openml.org/t/168337,,,local,16.0,,0.9147360000000001,45839497,stable,guiellermo,2019-12-12T17:59:01,0
0.852,0.921054,3638.7,8,autogluon,openml.org/t/168337,,,local,16.0,,0.921054,45839498,stable,guiellermo,2019-12-12T19:34:11,0
0.857,0.928472,3639.0,9,autogluon,openml.org/t/168337,,,local,16.0,,0.928472,45839499,stable,guiellermo,2019-12-12T21:09:37,0
0.735645,0.817937,3619.8,0,autogluon,openml.org/t/146606,,,local,19.0,,0.817937,3630222333,stable,higgs,2019-12-12T06:54:22,0
0.726772,0.8091659999999999,3613.4,1,autogluon,openml.org/t/146606,,,local,19.0,,0.8091659999999999,3630222334,stable,higgs,2019-12-12T08:42:29,0
0.733401,0.816329,3619.1,2,autogluon,openml.org/t/146606,,,local,20.0,,0.816329,3630222335,stable,higgs,2019-12-12T10:36:45,0
0.733911,0.818046,3617.3,3,autogluon,openml.org/t/146606,,,local,19.0,,0.818046,3630222336,stable,higgs,2019-12-12T12:26:50,0
0.738093,0.819415,3619.3,4,autogluon,openml.org/t/146606,,,local,19.0,,0.819415,3630222337,stable,higgs,2019-12-12T14:21:32,0
0.735033,0.816437,3617.9,5,autogluon,openml.org/t/146606,,,local,19.0,,0.816437,3630222338,stable,higgs,2019-12-12T16:19:06,0
0.735951,0.820492,3620.4,6,autogluon,openml.org/t/146606,,,local,19.0,,0.820492,3630222339,stable,higgs,2019-12-12T18:01:42,0
0.725956,0.805025,3617.7,7,autogluon,openml.org/t/146606,,,local,20.0,,0.805025,3630222340,stable,higgs,2019-12-12T19:44:13,0
0.7238140000000001,0.8036770000000001,3620.1,8,autogluon,openml.org/t/146606,,,local,19.0,,0.8036770000000001,3630222341,stable,higgs,2019-12-12T21:38:27,0
0.742274,0.8252780000000001,3617.5,9,autogluon,openml.org/t/146606,,,local,19.0,,0.8252780000000001,3630222342,stable,higgs,2019-12-12T23:34:51,0
0.728803,,3622.7,0,autogluon,openml.org/t/168330,,0.662153,local,17.0,,0.662153,2602645363,stable,Jannis,2019-12-12T06:35:11,0
0.7328640000000001,,3618.5,1,autogluon,openml.org/t/168330,,0.65656,local,18.0,,0.65656,2602645364,stable,Jannis,2019-12-12T07:56:39,0
0.733341,,3623.6,2,autogluon,openml.org/t/168330,,0.658844,local,18.0,,0.658844,2602645365,stable,Jannis,2019-12-12T09:16:01,0
0.7292489999999999,,3618.4,3,autogluon,openml.org/t/168330,,0.656728,local,18.0,,0.656728,2602645366,stable,Jannis,2019-12-12T10:36:25,0
0.728054,,3617.9,4,autogluon,openml.org/t/168330,,0.667658,local,18.0,,0.667658,2602645367,stable,Jannis,2019-12-12T11:58:31,0
0.736654,,3622.0,5,autogluon,openml.org/t/168330,,0.6616569999999999,local,18.0,,0.6616569999999999,2602645368,stable,Jannis,2019-12-12T13:17:42,0
0.729727,,3618.2,6,autogluon,openml.org/t/168330,,0.664281,local,18.0,,0.664281,2602645369,stable,Jannis,2019-12-12T14:38:17,0
0.730324,,3623.7,7,autogluon,openml.org/t/168330,,0.6634800000000001,local,18.0,,0.6634800000000001,2602645370,stable,Jannis,2019-12-12T15:56:00,0
0.742506,,3617.7,8,autogluon,openml.org/t/168330,,0.659475,local,18.0,,0.659475,2602645371,stable,Jannis,2019-12-12T17:15:55,0
0.721963,,3622.6,9,autogluon,openml.org/t/168330,,0.674683,local,18.0,,0.674683,2602645372,stable,Jannis,2019-12-12T18:34:29,0
0.812709,0.8754360000000001,316.2,0,autogluon,openml.org/t/168911,,,local,22.0,,0.8754360000000001,1197403507,stable,jasmine,2019-12-12T05:21:52,0
0.8294309999999999,0.889172,335.5,1,autogluon,openml.org/t/168911,,,local,22.0,,0.889172,1197403508,stable,jasmine,2019-12-12T05:28:27,0
0.852843,0.92264,315.6,2,autogluon,openml.org/t/168911,,,local,22.0,,0.92264,1197403509,stable,jasmine,2019-12-12T05:34:22,0
0.8260870000000001,0.8672479999999999,315.4,3,autogluon,openml.org/t/168911,,,local,22.0,,0.8672479999999999,1197403510,stable,jasmine,2019-12-12T05:40:30,0
0.7953020000000001,0.8839239999999999,304.1,4,autogluon,openml.org/t/168911,,,local,22.0,,0.8839239999999999,1197403511,stable,jasmine,2019-12-12T05:46:44,0
0.791946,0.882663,306.1,5,autogluon,openml.org/t/168911,,,local,22.0,,0.882663,1197403512,stable,jasmine,2019-12-12T05:52:38,0
0.842282,0.8889239999999999,303.9,6,autogluon,openml.org/t/168911,,,local,22.0,,0.8889239999999999,1197403513,stable,jasmine,2019-12-12T05:58:28,0
0.802013,0.859691,296.5,7,autogluon,openml.org/t/168911,,,local,22.0,,0.859691,1197403514,stable,jasmine,2019-12-12T06:04:04,0
0.8456379999999999,0.896086,325.5,8,autogluon,openml.org/t/168911,,,local,22.0,,0.896086,1197403515,stable,jasmine,2019-12-12T06:10:15,0
0.8154359999999999,0.8881129999999999,308.1,9,autogluon,openml.org/t/168911,,,local,22.0,,0.8881129999999999,1197403516,stable,jasmine,2019-12-12T06:16:11,0
0.9919680000000001,,3022.5,0,autogluon,openml.org/t/167119,,0.020863999999999997,local,22.0,,0.020863999999999997,3322167839,stable,jungle_chess_2pcs_raw_endgame_complete,2019-12-12T06:07:09,0
0.9912989999999999,,3035.8,1,autogluon,openml.org/t/167119,,0.0233075,local,22.0,,0.0233075,3322167840,stable,jungle_chess_2pcs_raw_endgame_complete,2019-12-12T06:59:51,0
0.9912989999999999,,3046.7,2,autogluon,openml.org/t/167119,,0.0242442,local,22.0,,0.0242442,3322167841,stable,jungle_chess_2pcs_raw_endgame_complete,2019-12-12T07:52:48,0
0.9899600000000001,,3102.1,3,autogluon,openml.org/t/167119,,0.021789,local,22.0,,0.021789,3322167842,stable,jungle_chess_2pcs_raw_endgame_complete,2019-12-12T08:46:51,0
0.9917450000000001,,3000.4,4,autogluon,openml.org/t/167119,,0.020487599999999998,local,22.0,,0.020487599999999998,3322167843,stable,jungle_chess_2pcs_raw_endgame_complete,2019-12-12T09:39:09,0
0.991075,,3072.3,5,autogluon,openml.org/t/167119,,0.0257992,local,22.0,,0.0257992,3322167844,stable,jungle_chess_2pcs_raw_endgame_complete,2019-12-12T10:32:34,0
0.994868,,2998.9,6,autogluon,openml.org/t/167119,,0.0183485,local,22.0,,0.0183485,3322167845,stable,jungle_chess_2pcs_raw_endgame_complete,2019-12-12T11:24:51,0
0.9906290000000001,,3060.3,7,autogluon,openml.org/t/167119,,0.025997700000000002,local,22.0,,0.025997700000000002,3322167846,stable,jungle_chess_2pcs_raw_endgame_complete,2019-12-12T12:18:06,0
0.991075,,3036.8,8,autogluon,openml.org/t/167119,,0.024781599999999997,local,22.0,,0.024781599999999997,3322167847,stable,jungle_chess_2pcs_raw_endgame_complete,2019-12-12T13:11:00,0
0.991073,,3049.7,9,autogluon,openml.org/t/167119,,0.0242626,local,22.0,,0.0242626,3322167848,stable,jungle_chess_2pcs_raw_endgame_complete,2019-12-12T14:04:04,0
0.8909950000000001,0.865834,240.5,0,autogluon,openml.org/t/3917,,,local,22.0,,0.865834,2004731903,stable,kc1,2019-12-12T05:18:50,0
0.8862559999999999,0.835457,233.8,1,autogluon,openml.org/t/3917,,,local,22.0,,0.835457,2004731904,stable,kc1,2019-12-12T05:23:34,0
0.848341,0.840433,226.4,2,autogluon,openml.org/t/3917,,,local,22.0,,0.840433,2004731905,stable,kc1,2019-12-12T05:28:08,0
0.876777,0.808733,228.1,3,autogluon,openml.org/t/3917,,,local,22.0,,0.808733,2004731906,stable,kc1,2019-12-12T05:32:42,0
0.834123,0.781069,231.1,4,autogluon,openml.org/t/3917,,,local,22.0,,0.781069,2004731907,stable,kc1,2019-12-12T05:37:21,0
0.876777,0.82363,211.4,5,autogluon,openml.org/t/3917,,,local,22.0,,0.82363,2004731908,stable,kc1,2019-12-12T05:41:38,0
0.8909950000000001,0.8777659999999999,223.4,6,autogluon,openml.org/t/3917,,,local,22.0,,0.8777659999999999,2004731909,stable,kc1,2019-12-12T05:46:09,0
0.8862559999999999,0.882193,240.9,7,autogluon,openml.org/t/3917,,,local,22.0,,0.882193,2004731910,stable,kc1,2019-12-12T05:50:54,0
0.8909950000000001,0.8934290000000001,225.1,8,autogluon,openml.org/t/3917,,,local,22.0,,0.8934290000000001,2004731911,stable,kc1,2019-12-12T05:55:29,0
0.8714290000000001,0.78915,232.2,9,autogluon,openml.org/t/3917,,,local,22.0,,0.78915,2004731912,stable,kc1,2019-12-12T06:00:07,0
0.9822,0.861082,3608.2,0,autogluon,openml.org/t/3945,,,local,20.0,,0.861082,620917454,stable,KDDCup09_appetency,2019-12-12T06:16:46,0
0.982,0.831749,3603.5,1,autogluon,openml.org/t/3945,,,local,20.0,,0.831749,620917455,stable,KDDCup09_appetency,2019-12-12T07:22:08,0
0.982,0.848126,3610.5,2,autogluon,openml.org/t/3945,,,local,21.0,,0.848126,620917456,stable,KDDCup09_appetency,2019-12-12T08:25:42,0
0.9822,0.8301129999999999,3610.8,3,autogluon,openml.org/t/3945,,,local,21.0,,0.8301129999999999,620917457,stable,KDDCup09_appetency,2019-12-12T09:32:48,0
0.9822,0.86939,3603.8,4,autogluon,openml.org/t/3945,,,local,20.0,,0.86939,620917458,stable,KDDCup09_appetency,2019-12-12T10:38:19,0
0.9822,0.845541,3601.3,5,autogluon,openml.org/t/3945,,,local,21.0,,0.845541,620917459,stable,KDDCup09_appetency,2019-12-12T11:43:48,0
0.9822,0.852384,3602.8,6,autogluon,openml.org/t/3945,,,local,20.0,,0.852384,620917460,stable,KDDCup09_appetency,2019-12-12T12:51:06,0
0.9822,0.846076,3610.9,7,autogluon,openml.org/t/3945,,,local,21.0,,0.846076,620917461,stable,KDDCup09_appetency,2019-12-12T13:56:54,0
0.982,0.836405,3610.5,8,autogluon,openml.org/t/3945,,,local,21.0,,0.836405,620917462,stable,KDDCup09_appetency,2019-12-12T15:02:48,0
0.9822,0.8578379999999999,3606.1,9,autogluon,openml.org/t/3945,,,local,20.0,,0.8578379999999999,620917463,stable,KDDCup09_appetency,2019-12-12T16:08:34,0
0.996875,0.9999610000000001,901.4,0,autogluon,openml.org/t/3,,,local,20.0,,0.9999610000000001,953999516,stable,kr-vs-kp,2019-12-12T05:29:46,0
0.9875,0.999569,925.4,1,autogluon,openml.org/t/3,,,local,20.0,,0.999569,953999517,stable,kr-vs-kp,2019-12-12T05:45:35,0
0.99375,0.999491,829.0,2,autogluon,openml.org/t/3,,,local,20.0,,0.999491,953999518,stable,kr-vs-kp,2019-12-12T05:59:49,0
1.0,1.0,690.7,3,autogluon,openml.org/t/3,,,local,20.0,,1.0,953999519,stable,kr-vs-kp,2019-12-12T06:11:47,0
1.0,1.0,743.1,4,autogluon,openml.org/t/3,,,local,20.0,,1.0,953999520,stable,kr-vs-kp,2019-12-12T06:24:35,0
1.0,1.0,700.6,5,autogluon,openml.org/t/3,,,local,20.0,,1.0,953999521,stable,kr-vs-kp,2019-12-12T06:36:42,0
0.987461,0.999921,978.9,6,autogluon,openml.org/t/3,,,local,20.0,,0.999921,953999522,stable,kr-vs-kp,2019-12-12T06:53:26,0
0.9937299999999999,0.999173,619.5,7,autogluon,openml.org/t/3,,,local,20.0,,0.999173,953999523,stable,kr-vs-kp,2019-12-12T07:04:33,0
0.996865,0.9999610000000001,674.8,8,autogluon,openml.org/t/3,,,local,20.0,,0.9999610000000001,953999524,stable,kr-vs-kp,2019-12-12T07:16:30,0
0.996865,1.0,483.4,9,autogluon,openml.org/t/3,,,local,20.0,,1.0,953999525,stable,kr-vs-kp,2019-12-12T07:25:22,0
0.98,,3483.4,0,autogluon,openml.org/t/12,,0.07775549999999999,local,22.0,,0.07775549999999999,1958292327,stable,mfeat-factors,2019-12-12T06:13:56,0
0.98,,3498.4,1,autogluon,openml.org/t/12,,0.044013199999999995,local,22.0,,0.044013199999999995,1958292328,stable,mfeat-factors,2019-12-12T07:12:50,0
0.975,,3554.9,2,autogluon,openml.org/t/12,,0.060530999999999995,local,22.0,,0.060530999999999995,1958292329,stable,mfeat-factors,2019-12-12T08:12:41,0
0.975,,3513.0,3,autogluon,openml.org/t/12,,0.119401,local,22.0,,0.119401,1958292330,stable,mfeat-factors,2019-12-12T09:11:49,0
0.975,,3430.0,4,autogluon,openml.org/t/12,,0.110081,local,22.0,,0.110081,1958292331,stable,mfeat-factors,2019-12-12T10:09:36,0
0.975,,3569.7,5,autogluon,openml.org/t/12,,0.059562199999999996,local,22.0,,0.059562199999999996,1958292332,stable,mfeat-factors,2019-12-12T11:09:42,0
0.985,,3543.9,6,autogluon,openml.org/t/12,,0.0436698,local,22.0,,0.0436698,1958292333,stable,mfeat-factors,2019-12-12T12:09:20,0
0.98,,3524.0,7,autogluon,openml.org/t/12,,0.05246569999999999,local,22.0,,0.05246569999999999,1958292334,stable,mfeat-factors,2019-12-12T13:08:39,0
0.985,,3547.2,8,autogluon,openml.org/t/12,,0.07203150000000001,local,22.0,,0.07203150000000001,1958292335,stable,mfeat-factors,2019-12-12T14:08:24,0
0.995,,3478.3,9,autogluon,openml.org/t/12,,0.0475081,local,22.0,,0.0475081,1958292336,stable,mfeat-factors,2019-12-12T15:07:02,0
0.943876,0.984819,3625.4,0,autogluon,openml.org/t/168335,,,local,17.0,,0.984819,348272710,stable,MiniBooNE,2019-12-12T06:29:35,0
0.946644,0.986655,3626.2,1,autogluon,openml.org/t/168335,,,local,18.0,,0.986655,348272711,stable,MiniBooNE,2019-12-12T07:38:17,0
0.947182,0.986677,3626.6,2,autogluon,openml.org/t/168335,,,local,18.0,,0.986677,348272712,stable,MiniBooNE,2019-12-12T08:47:54,0
0.9501809999999999,0.9869469999999999,3624.4,3,autogluon,openml.org/t/168335,,,local,17.0,,0.9869469999999999,348272713,stable,MiniBooNE,2019-12-12T09:57:41,0
0.9508690000000001,0.987424,3623.3,4,autogluon,openml.org/t/168335,,,local,17.0,,0.987424,348272714,stable,MiniBooNE,2019-12-12T11:07:44,0
0.9486389999999999,0.9857819999999999,3622.4,5,autogluon,openml.org/t/168335,,,local,17.0,,0.9857819999999999,348272715,stable,MiniBooNE,2019-12-12T12:17:17,0
0.952099,0.98844,3622.3,6,autogluon,openml.org/t/168335,,,local,17.0,,0.98844,348272716,stable,MiniBooNE,2019-12-12T13:26:31,0
0.949177,0.987233,3623.2,7,autogluon,openml.org/t/168335,,,local,17.0,,0.987233,348272717,stable,MiniBooNE,2019-12-12T14:35:26,0
0.949716,0.987642,3623.4,8,autogluon,openml.org/t/168335,,,local,17.0,,0.987642,348272718,stable,MiniBooNE,2019-12-12T15:47:29,0
0.950254,0.988157,3622.1,9,autogluon,openml.org/t/168335,,,local,17.0,,0.988157,348272719,stable,MiniBooNE,2019-12-12T16:57:13,0
0.981143,0.0019075,2708.7,0,autogluon,openml.org/t/9977,,,local,22.0,,0.0019075,3050696217,stable,nomao,2019-12-12T06:04:44,0
0.9834639999999999,0.00169356,2539.7,1,autogluon,openml.org/t/9977,,,local,22.0,,0.00169356,3050696218,stable,nomao,2019-12-12T06:51:29,0
0.981143,0.00228653,2550.4,2,autogluon,openml.org/t/9977,,,local,22.0,,0.00228653,3050696219,stable,nomao,2019-12-12T07:38:15,0
0.986655,0.00110141,2630.1,3,autogluon,openml.org/t/9977,,,local,22.0,,0.00110141,3050696220,stable,nomao,2019-12-12T08:26:18,0
0.9834639999999999,0.00127914,2605.8,4,autogluon,openml.org/t/9977,,,local,22.0,,0.00127914,3050696221,stable,nomao,2019-12-12T09:13:54,0
0.980267,0.00227689,2718.4,5,autogluon,openml.org/t/9977,,,local,22.0,,0.00227689,3050696222,stable,nomao,2019-12-12T10:03:27,0
0.9782360000000001,0.00295219,2666.1,6,autogluon,openml.org/t/9977,,,local,22.0,,0.00295219,3050696223,stable,nomao,2019-12-12T10:52:07,0
0.9808469999999999,0.00175183,2731.4,7,autogluon,openml.org/t/9977,,,local,22.0,,0.00175183,3050696224,stable,nomao,2019-12-12T11:41:50,0
0.977075,0.00283537,2626.0,8,autogluon,openml.org/t/9977,,,local,22.0,,0.00283537,3050696225,stable,nomao,2019-12-12T12:30:26,0
0.9825889999999999,0.00223396,2797.0,9,autogluon,openml.org/t/9977,,,local,22.0,,0.00223396,3050696226,stable,nomao,2019-12-12T13:21:03,0
0.504776,0.514211,3624.5,0,autogluon,openml.org/t/167120,,,local,22.0,,0.514211,3312487765,stable,numerai28.6,2019-12-12T06:55:18,0
0.503945,0.508571,3620.6,1,autogluon,openml.org/t/167120,,,local,21.0,,0.508571,3312487766,stable,numerai28.6,2019-12-12T08:34:04,0
0.514846,0.515093,3619.9,2,autogluon,openml.org/t/167120,,,local,21.0,,0.515093,3312487767,stable,numerai28.6,2019-12-12T10:17:54,0
0.506333,0.5090319999999999,3619.4,3,autogluon,openml.org/t/167120,,,local,21.0,,0.5090319999999999,3312487768,stable,numerai28.6,2019-12-12T11:56:13,0
0.51142,0.512517,3622.9,4,autogluon,openml.org/t/167120,,,local,22.0,,0.512517,3312487769,stable,numerai28.6,2019-12-12T13:36:54,0
0.510694,0.5196890000000001,3622.4,5,autogluon,openml.org/t/167120,,,local,22.0,,0.5196890000000001,3312487770,stable,numerai28.6,2019-12-12T15:16:02,0
0.526163,0.53012,3622.3,6,autogluon,openml.org/t/167120,,,local,22.0,,0.53012,3312487771,stable,numerai28.6,2019-12-12T16:54:38,0
0.501246,0.5073840000000001,3618.8,7,autogluon,openml.org/t/167120,,,local,21.0,,0.5073840000000001,3312487772,stable,numerai28.6,2019-12-12T18:36:11,0
0.5070600000000001,0.51142,3617.7,8,autogluon,openml.org/t/167120,,,local,21.0,,0.51142,3312487773,stable,numerai28.6,2019-12-12T20:14:39,0
0.510694,0.521079,3617.4,9,autogluon,openml.org/t/167120,,,local,21.0,,0.521079,3312487774,stable,numerai28.6,2019-12-12T21:55:04,0
0.9149719999999999,0.9738879999999999,581.8,0,autogluon,openml.org/t/9952,,,local,22.0,,0.9738879999999999,784191770,stable,phoneme,2019-12-12T05:27:21,0
0.931608,0.981708,604.0,1,autogluon,openml.org/t/9952,,,local,22.0,,0.981708,784191771,stable,phoneme,2019-12-12T05:38:16,0
0.900185,0.968125,608.2,2,autogluon,openml.org/t/9952,,,local,22.0,,0.968125,784191772,stable,phoneme,2019-12-12T05:49:13,0
0.903882,0.96396,568.4,3,autogluon,openml.org/t/9952,,,local,22.0,,0.96396,784191773,stable,phoneme,2019-12-12T05:59:34,0
0.9055559999999999,0.9571049999999999,589.8,4,autogluon,openml.org/t/9952,,,local,22.0,,0.9571049999999999,784191774,stable,phoneme,2019-12-12T06:10:20,0
0.9277780000000001,0.979124,606.4,5,autogluon,openml.org/t/9952,,,local,22.0,,0.979124,784191775,stable,phoneme,2019-12-12T06:21:20,0
0.933333,0.981957,553.7,6,autogluon,openml.org/t/9952,,,local,22.0,,0.981957,784191776,stable,phoneme,2019-12-12T06:31:26,0
0.9148149999999999,0.973872,556.9,7,autogluon,openml.org/t/9952,,,local,22.0,,0.973872,784191777,stable,phoneme,2019-12-12T06:41:35,0
0.907407,0.963255,556.3,8,autogluon,openml.org/t/9952,,,local,22.0,,0.963255,784191778,stable,phoneme,2019-12-12T06:51:40,0
0.922222,0.9702870000000001,572.0,9,autogluon,openml.org/t/9952,,,local,22.0,,0.9702870000000001,784191779,stable,phoneme,2019-12-12T07:02:01,0
0.9975,0.9998239999999999,3641.5,0,autogluon,openml.org/t/168338,,,local,13.0,,0.9998239999999999,1226528269,stable,riccardo,2019-12-12T06:43:19,0
0.998,0.9997510000000001,3635.4,1,autogluon,openml.org/t/168338,,,local,13.0,,0.9997510000000001,1226528270,stable,riccardo,2019-12-12T08:07:00,0
0.9975,0.999936,3635.9,2,autogluon,openml.org/t/168338,,,local,13.0,,0.999936,1226528271,stable,riccardo,2019-12-12T09:31:18,0
0.9985,0.999991,3635.6,3,autogluon,openml.org/t/168338,,,local,13.0,,0.999991,1226528272,stable,riccardo,2019-12-12T10:55:13,0
0.998,0.999992,3635.5,4,autogluon,openml.org/t/168338,,,local,13.0,,0.999992,1226528273,stable,riccardo,2019-12-12T12:18:55,0
0.9975,0.9999,3635.6,5,autogluon,openml.org/t/168338,,,local,13.0,,0.9999,1226528274,stable,riccardo,2019-12-12T13:42:38,0
0.9985,0.999865,3635.4,6,autogluon,openml.org/t/168338,,,local,13.0,,0.999865,1226528275,stable,riccardo,2019-12-12T15:06:44,0
0.9975,0.999791,3636.0,7,autogluon,openml.org/t/168338,,,local,13.0,,0.999791,1226528276,stable,riccardo,2019-12-12T16:30:47,0
0.9990000000000001,0.9999870000000001,3635.5,8,autogluon,openml.org/t/168338,,,local,13.0,,0.9999870000000001,1226528277,stable,riccardo,2019-12-12T17:54:48,0
0.996,0.99976,3633.8,9,autogluon,openml.org/t/168338,,,local,13.0,,0.99976,1226528278,stable,riccardo,2019-12-12T19:18:05,0
0.494,,3922.7,0,autogluon,openml.org/t/168332,,1.6047799999999999,local,9.0,,1.6047799999999999,2736841145,stable,Robert,2019-12-12T06:43:35,0
0.489,,3605.2,1,autogluon,openml.org/t/168332,,1.6289799999999999,local,10.0,,1.6289799999999999,2736841146,stable,Robert,2019-12-12T07:58:38,0
0.489,,3630.4,2,autogluon,openml.org/t/168332,,1.6029,local,10.0,,1.6029,2736841147,stable,Robert,2019-12-12T09:14:10,0
0.47700000000000004,,3607.8,3,autogluon,openml.org/t/168332,,1.6063,local,10.0,,1.6063,2736841148,stable,Robert,2019-12-12T10:29:04,0
0.499,,3633.7,4,autogluon,openml.org/t/168332,,1.6,local,10.0,,1.6,2736841149,stable,Robert,2019-12-12T11:44:28,0
0.498,,3612.8,5,autogluon,openml.org/t/168332,,1.6073899999999999,local,10.0,,1.6073899999999999,2736841150,stable,Robert,2019-12-12T12:59:24,0
0.519,,3613.9,6,autogluon,openml.org/t/168332,,1.56284,local,10.0,,1.56284,2736841151,stable,Robert,2019-12-12T14:14:20,0
0.486,,3618.5,7,autogluon,openml.org/t/168332,,1.61151,local,10.0,,1.61151,2736841152,stable,Robert,2019-12-12T15:29:20,0
0.485,,3613.9,8,autogluon,openml.org/t/168332,,1.6087799999999999,local,10.0,,1.6087799999999999,2736841153,stable,Robert,2019-12-12T16:44:25,0
0.479,,3619.5,9,autogluon,openml.org/t/168332,,1.61717,local,10.0,,1.61717,2736841154,stable,Robert,2019-12-12T17:59:22,0
0.9913420000000001,,1126.8,0,autogluon,openml.org/t/146822,,0.046468800000000005,local,22.0,,0.046468800000000005,557620598,stable,segment,2019-12-12T05:34:01,0
0.9913420000000001,,844.1,1,autogluon,openml.org/t/146822,,0.038975800000000005,local,22.0,,0.038975800000000005,557620599,stable,segment,2019-12-12T05:49:00,0
0.9956709999999999,,852.0,2,autogluon,openml.org/t/146822,,0.026813999999999998,local,22.0,,0.026813999999999998,557620600,stable,segment,2019-12-12T06:04:11,0
0.9956709999999999,,898.2,3,autogluon,openml.org/t/146822,,0.022422099999999997,local,22.0,,0.022422099999999997,557620601,stable,segment,2019-12-12T06:20:08,0
1.0,,973.2,4,autogluon,openml.org/t/146822,,0.0149132,local,22.0,,0.0149132,557620602,stable,segment,2019-12-12T06:37:19,0
0.978355,,1280.9,5,autogluon,openml.org/t/146822,,0.05945269999999999,local,22.0,,0.05945269999999999,557620603,stable,segment,2019-12-12T06:59:39,0
0.9913420000000001,,894.0,6,autogluon,openml.org/t/146822,,0.033856699999999997,local,22.0,,0.033856699999999997,557620604,stable,segment,2019-12-12T07:15:30,0
0.978355,,950.8,7,autogluon,openml.org/t/146822,,0.06548340000000001,local,22.0,,0.06548340000000001,557620605,stable,segment,2019-12-12T07:32:11,0
0.9913420000000001,,1130.0,8,autogluon,openml.org/t/146822,,0.026623200000000003,local,22.0,,0.026623200000000003,557620606,stable,segment,2019-12-12T07:52:02,0
0.982684,,922.2,9,autogluon,openml.org/t/146822,,0.048338099999999995,local,22.0,,0.048338099999999995,557620607,stable,segment,2019-12-12T08:08:23,0
,,3631.4,0,autogluon,openml.org/t/146212,ValueError: Multiclass scoring with eval_metric=log_loss does not support unknown classes.,,local,,,,3290038189,stable,Shuttle,2019-12-12T06:14:59,0
,,3661.3,1,autogluon,openml.org/t/146212,ValueError: Multiclass scoring with eval_metric=log_loss does not support unknown classes.,,local,,,,3290038190,stable,Shuttle,2019-12-12T07:16:01,0
,,3661.0,2,autogluon,openml.org/t/146212,ValueError: Multiclass scoring with eval_metric=log_loss does not support unknown classes.,,local,,,,3290038191,stable,Shuttle,2019-12-12T08:17:01,0
,,3623.5,3,autogluon,openml.org/t/146212,ValueError: Multiclass scoring with eval_metric=log_loss does not support unknown classes.,,local,,,,3290038192,stable,Shuttle,2019-12-12T09:17:25,0
,,3623.2,4,autogluon,openml.org/t/146212,ValueError: Multiclass scoring with eval_metric=log_loss does not support unknown classes.,,local,,,,3290038193,stable,Shuttle,2019-12-12T10:17:48,0
,,3623.4,5,autogluon,openml.org/t/146212,ValueError: Multiclass scoring with eval_metric=log_loss does not support unknown classes.,,local,,,,3290038194,stable,Shuttle,2019-12-12T11:18:12,0
,,3623.6,6,autogluon,openml.org/t/146212,ValueError: Multiclass scoring with eval_metric=log_loss does not support unknown classes.,,local,,,,3290038195,stable,Shuttle,2019-12-12T12:18:35,0
,,3620.8,7,autogluon,openml.org/t/146212,ValueError: Multiclass scoring with eval_metric=log_loss does not support unknown classes.,,local,,,,3290038196,stable,Shuttle,2019-12-12T13:18:56,0
,,3655.7,8,autogluon,openml.org/t/146212,ValueError: Multiclass scoring with eval_metric=log_loss does not support unknown classes.,,local,,,,3290038197,stable,Shuttle,2019-12-12T14:19:52,0
,,3623.0,9,autogluon,openml.org/t/146212,ValueError: Multiclass scoring with eval_metric=log_loss does not support unknown classes.,,local,,,,3290038198,stable,Shuttle,2019-12-12T15:20:15,0
0.947368,0.985819,389.6,0,autogluon,openml.org/t/168912,,,local,22.0,,0.985819,1390247724,stable,sylvine,2019-12-12T05:20:34,0
0.9571149999999999,0.9918379999999999,377.3,1,autogluon,openml.org/t/168912,,,local,22.0,,0.9918379999999999,1390247725,stable,sylvine,2019-12-12T05:27:20,0
0.9629629999999999,0.9941479999999999,410.4,2,autogluon,openml.org/t/168912,,,local,22.0,,0.9941479999999999,1390247726,stable,sylvine,2019-12-12T05:35:00,0
0.953216,0.990196,386.8,3,autogluon,openml.org/t/168912,,,local,22.0,,0.990196,1390247727,stable,sylvine,2019-12-12T05:42:14,0
0.9589840000000001,0.994064,381.2,4,autogluon,openml.org/t/168912,,,local,22.0,,0.994064,1390247728,stable,sylvine,2019-12-12T05:49:24,0
0.953125,0.988159,377.0,5,autogluon,openml.org/t/168912,,,local,22.0,,0.988159,1390247729,stable,sylvine,2019-12-12T05:56:25,0
0.960938,0.9922790000000001,370.7,6,autogluon,openml.org/t/168912,,,local,22.0,,0.9922790000000001,1390247730,stable,sylvine,2019-12-12T06:03:23,0
0.9472659999999999,0.987411,380.6,7,autogluon,openml.org/t/168912,,,local,22.0,,0.987411,1390247731,stable,sylvine,2019-12-12T06:10:30,0
0.9589840000000001,0.991791,377.9,8,autogluon,openml.org/t/168912,,,local,22.0,,0.991791,1390247732,stable,sylvine,2019-12-12T06:17:36,0
0.960938,0.994431,404.5,9,autogluon,openml.org/t/168912,,,local,22.0,,0.994431,1390247733,stable,sylvine,2019-12-12T06:25:09,0
0.8705879999999999,,279.2,0,autogluon,openml.org/t/53,,0.30954499999999996,local,22.0,,0.30954499999999996,3016752521,stable,vehicle,2019-12-12T05:22:10,0
0.8352940000000001,,275.0,1,autogluon,openml.org/t/53,,0.335891,local,22.0,,0.335891,3016752522,stable,vehicle,2019-12-12T05:27:28,0
0.8705879999999999,,273.3,2,autogluon,openml.org/t/53,,0.26568400000000003,local,22.0,,0.26568400000000003,3016752523,stable,vehicle,2019-12-12T05:32:44,0
0.858824,,271.2,3,autogluon,openml.org/t/53,,0.274864,local,22.0,,0.274864,3016752524,stable,vehicle,2019-12-12T05:37:59,0
0.847059,,270.9,4,autogluon,openml.org/t/53,,0.302076,local,22.0,,0.302076,3016752525,stable,vehicle,2019-12-12T05:43:13,0
0.882353,,273.1,5,autogluon,openml.org/t/53,,0.222043,local,22.0,,0.222043,3016752526,stable,vehicle,2019-12-12T05:48:29,0
0.892857,,274.3,6,autogluon,openml.org/t/53,,0.28039200000000003,local,22.0,,0.28039200000000003,3016752527,stable,vehicle,2019-12-12T05:53:48,0
0.809524,,262.6,7,autogluon,openml.org/t/53,,0.354172,local,22.0,,0.354172,3016752528,stable,vehicle,2019-12-12T05:58:51,0
0.8809520000000001,,265.5,8,autogluon,openml.org/t/53,,0.266987,local,22.0,,0.266987,3016752529,stable,vehicle,2019-12-12T06:04:00,0
0.833333,,270.2,9,autogluon,openml.org/t/53,,0.407876,local,22.0,,0.407876,3016752530,stable,vehicle,2019-12-12T06:09:11,0
0.736066,,3632.2,0,autogluon,openml.org/t/168331,,0.729509,local,16.0,,0.729509,1111400615,stable,Volkert,2019-12-12T06:40:38,0
0.7494430000000001,,3630.7,1,autogluon,openml.org/t/168331,,0.7130340000000001,local,16.0,,0.7130340000000001,1111400616,stable,Volkert,2019-12-12T08:04:06,0
0.747042,,3631.5,2,autogluon,openml.org/t/168331,,0.71978,local,16.0,,0.71978,1111400617,stable,Volkert,2019-12-12T09:29:02,0
0.741725,,3631.0,3,autogluon,openml.org/t/168331,,0.732825,local,16.0,,0.732825,1111400618,stable,Volkert,2019-12-12T10:54:19,0
0.751158,,3631.5,4,autogluon,openml.org/t/168331,,0.71263,local,16.0,,0.71263,1111400619,stable,Volkert,2019-12-12T12:19:22,0
0.7530439999999999,,3630.5,5,autogluon,openml.org/t/168331,,0.7128439999999999,local,16.0,,0.7128439999999999,1111400620,stable,Volkert,2019-12-12T13:43:46,0
0.753559,,3630.8,6,autogluon,openml.org/t/168331,,0.6950609999999999,local,16.0,,0.6950609999999999,1111400621,stable,Volkert,2019-12-12T15:07:01,0
0.7489279999999999,,3631.0,7,autogluon,openml.org/t/168331,,0.715355,local,16.0,,0.715355,1111400622,stable,Volkert,2019-12-12T16:30:41,0
0.748414,,3629.4,8,autogluon,openml.org/t/168331,,0.717464,local,16.0,,0.717464,1111400623,stable,Volkert,2019-12-12T17:54:18,0
0.7491,,3624.2,9,autogluon,openml.org/t/168331,,0.711358,local,16.0,,0.711358,1111400624,stable,Volkert,2019-12-12T19:19:32,0
